{"cameraMode":{"drawMode":0,"name":"Shaded","section":"Shading Mode"},"sceneLighting":true,"audioPlay":false,"sceneViewState":{"showFog":true,"showMaterialUpdate":false,"showSkybox":true,"showFlares":true,"showImageEffects":true,"showParticleSystems":true},"in2DMode":false,"pivot":{"x":-3.4835543632507326,"y":4.702425479888916,"z":0.32378053665161135},"rotation":{"x":0.18578660488128663,"y":0.37513676285743716,"z":-0.07702101767063141,"w":0.9048898220062256},"size":8.379638671875,"orthographic":true}