{"cameraMode":{"drawMode":0,"name":"Shaded","section":"Shading Mode"},"sceneLighting":true,"audioPlay":false,"sceneViewState":{"showFog":true,"showMaterialUpdate":false,"showSkybox":true,"showFlares":true,"showImageEffects":true,"showParticleSystems":true},"in2DMode":false,"pivot":{"x":-1.9114058017730713,"y":0.9335902333259583,"z":-0.792390763759613},"rotation":{"x":0.19943661987781526,"y":0.5146533846855164,"z":-0.12446937710046768,"w":0.8245484232902527},"size":1.1868270635604859,"orthographic":true}